parameter,min_diff,max_diff,range,low_value,high_value
W_0,97.06853038244999,-49.25865720900448,146.32718759145448,0.5,2.0
GAMMA_PHASE,-1.5,3.0,4.5,0.05,0.2
ALPHA_WISDOM,0.0,0.0,0.0,0.05,0.2
