parameter,min_diff,max_diff,range,low_value,high_value
W_0,-1.0,2.0,3.0,0.5,2.0
ALPHA_WISDOM,0.25,-0.5,0.75,0.05,0.2
GAMMA_PHASE,-0.07500000000000018,0.30000000000000004,0.3750000000000002,0.05,0.2
